Age,Gender,Education,Income,Debt,Credit_Score,Loan_Amount,Loan_Term,Num_Credit_Cards,Payment_History,Employment_Status,Residence_Type,Marital_Status,Creditworthiness
43,Female,High School,84051,29998,490,29358,24,7,Bad,Self-Employed,Owned,Married,0
48,Female,Master,100911,12264,574,25062,48,7,Average,Employed,Owned,Single,1
63,Male,High School,96915,24925,638,14771,60,2,Average,Self-Employed,Rented,Single,1
23,Male,Bachelor,143267,39143,335,19586,48,8,Average,Unemployed,Mortgaged,Divorced,0
51,Male,Master,128459,12102,796,9762,24,6,Bad,Unemployed,Owned,Divorced,1
46,Male,PhD,39699,36049,711,42156,36,3,Average,Self-Employed,Owned,Single,1
20,Female,Master,132931,41129,576,4591,36,5,Bad,Employed,Owned,Married,0
48,Female,High School,95902,47442,710,31746,48,5,Average,Unemployed,Rented,Single,0
18,Male,High School,75296,23470,802,20599,24,7,Bad,Self-Employed,Rented,Married,1
21,Female,Master,121382,48471,835,22824,36,1,Average,Self-Employed,Mortgaged,Single,1
61,Female,Bachelor,114913,22819,394,37946,60,1,Bad,Unemployed,Owned,Divorced,1
64,Male,Master,70142,49114,794,25259,36,2,Bad,Employed,Owned,Single,1
49,Male,High School,49974,2428,647,41486,24,4,Bad,Unemployed,Rented,Married,1
40,Female,Master,126044,1948,602,31529,48,9,Good,Unemployed,Rented,Divorced,0
28,Male,Master,30773,45337,638,38417,48,9,Good,Unemployed,Mortgaged,Married,0
28,Male,Bachelor,143362,4006,700,31205,48,2,Good,Unemployed,Rented,Divorced,0
52,Male,Master,84843,29308,409,32316,24,1,Good,Employed,Owned,Married,1
25,Male,Master,35739,40903,336,40077,12,7,Good,Employed,Owned,Single,1
27,Male,High School,57066,33977,606,1236,48,5,Good,Employed,Mortgaged,Divorced,1
51,Male,PhD,120325,32764,371,32135,60,9,Bad,Employed,Owned,Single,1
19,Female,Master,98593,16928,301,6670,48,5,Average,Self-Employed,Owned,Married,1
62,Male,PhD,85310,31212,340,39901,60,9,Good,Self-Employed,Owned,Married,0
26,Male,PhD,88698,45610,641,10021,48,8,Good,Employed,Owned,Single,1
30,Male,Master,33531,39903,368,45023,36,2,Good,Unemployed,Mortgaged,Single,1
34,Female,Master,59384,32001,372,3882,12,8,Bad,Employed,Rented,Single,0
21,Female,High School,79111,4408,531,28843,12,3,Good,Employed,Mortgaged,Single,0
69,Female,Bachelor,49105,43067,825,4538,48,2,Bad,Self-Employed,Mortgaged,Divorced,0
37,Male,Master,130192,39041,614,38042,24,6,Bad,Employed,Rented,Married,0
38,Male,Master,81110,27455,831,45843,60,9,Bad,Self-Employed,Mortgaged,Divorced,1
64,Male,PhD,127841,19136,783,38388,12,3,Bad,Employed,Rented,Single,1
30,Female,PhD,112652,32088,335,20119,60,9,Good,Self-Employed,Mortgaged,Single,1
62,Female,Master,38731,37979,411,45084,12,9,Good,Self-Employed,Owned,Married,1
60,Male,Master,110366,21561,807,18114,24,7,Good,Employed,Owned,Single,1
43,Female,Master,32507,27044,544,13055,12,3,Average,Employed,Mortgaged,Married,1
34,Male,High School,38556,13198,357,30948,48,6,Average,Employed,Owned,Divorced,1
36,Male,PhD,120876,27215,771,45821,12,5,Good,Employed,Owned,Single,1
34,Male,Bachelor,141631,36880,772,38234,12,1,Good,Unemployed,Owned,Married,0
68,Female,PhD,129470,2982,823,34152,60,5,Bad,Unemployed,Rented,Single,1
67,Female,Bachelor,75071,35575,413,35187,12,3,Good,Employed,Rented,Divorced,1
47,Male,Master,40336,40682,842,13421,24,6,Bad,Unemployed,Owned,Single,0
21,Female,Master,99369,2028,589,20557,36,1,Good,Self-Employed,Mortgaged,Divorced,1
66,Male,Master,106467,35541,510,5689,12,1,Bad,Employed,Owned,Single,0
25,Male,High School,124421,6457,352,23189,36,2,Average,Self-Employed,Rented,Single,1
24,Male,High School,136465,44524,771,29510,36,9,Bad,Self-Employed,Owned,Married,1
20,Female,PhD,132436,1909,524,22726,36,3,Good,Employed,Rented,Divorced,1
32,Male,PhD,72480,46314,388,47391,36,4,Bad,Unemployed,Owned,Single,1
60,Male,Bachelor,67117,14766,838,46269,36,5,Bad,Employed,Owned,Divorced,0
53,Male,High School,46467,10568,437,35852,60,8,Good,Self-Employed,Owned,Married,1
19,Female,Master,137959,9549,665,39413,60,5,Good,Employed,Rented,Divorced,1
27,Male,Bachelor,25736,22155,843,7050,24,4,Average,Employed,Rented,Divorced,0
53,Female,PhD,146863,16857,466,38585,12,2,Average,Unemployed,Owned,Divorced,0
35,Female,High School,70652,42890,640,14581,24,2,Good,Unemployed,Rented,Divorced,1
46,Female,Bachelor,104520,44543,799,30889,60,7,Bad,Unemployed,Owned,Married,1
68,Female,Bachelor,104431,28113,315,1556,36,4,Good,Unemployed,Mortgaged,Single,1
55,Female,High School,141744,43105,320,33781,24,9,Bad,Self-Employed,Mortgaged,Single,0
47,Female,PhD,25091,21161,606,23928,12,6,Bad,Self-Employed,Rented,Single,1
19,Female,High School,22027,43265,411,29097,12,4,Good,Self-Employed,Mortgaged,Married,0
40,Male,PhD,147953,7882,753,47477,60,8,Average,Employed,Rented,Married,1
51,Male,Bachelor,28048,12438,558,6880,60,5,Average,Unemployed,Rented,Married,0
41,Female,Bachelor,80161,27196,769,39103,24,4,Average,Unemployed,Owned,Married,0
48,Female,Bachelor,75182,4244,345,5421,24,7,Average,Unemployed,Mortgaged,Single,1
51,Male,PhD,52905,39805,441,40271,60,1,Average,Self-Employed,Mortgaged,Single,1
50,Female,Bachelor,95285,5710,640,10164,48,2,Average,Employed,Owned,Single,1
58,Female,PhD,92586,32559,383,26171,24,4,Bad,Unemployed,Mortgaged,Single,1
54,Female,PhD,115822,46569,735,46526,36,9,Bad,Unemployed,Owned,Divorced,0
20,Female,Bachelor,131725,29455,390,6877,60,1,Bad,Self-Employed,Mortgaged,Married,1
22,Male,High School,81936,24922,796,11508,48,5,Average,Unemployed,Owned,Divorced,1
20,Female,PhD,42451,14322,418,21775,12,6,Bad,Employed,Rented,Single,0
39,Female,Master,27943,33550,639,15432,60,1,Good,Unemployed,Rented,Married,1
26,Female,High School,100839,38677,697,6838,48,4,Average,Employed,Mortgaged,Single,1
37,Female,Master,34783,28799,359,39357,24,6,Bad,Employed,Owned,Single,1
37,Male,High School,36737,24833,535,16812,24,1,Average,Unemployed,Rented,Married,0
47,Male,High School,72744,16311,301,31556,60,5,Good,Unemployed,Rented,Divorced,0
55,Female,Master,146658,17470,391,33321,24,3,Average,Self-Employed,Owned,Divorced,1
57,Female,PhD,41440,12908,300,32326,48,5,Good,Unemployed,Owned,Single,1
34,Male,Master,69869,33179,838,29981,60,4,Average,Self-Employed,Rented,Divorced,1
37,Male,High School,65078,30899,492,40737,12,3,Average,Self-Employed,Mortgaged,Married,0
65,Female,Master,96862,38068,318,33664,12,8,Bad,Employed,Rented,Single,0
33,Male,Master,144233,6339,722,37656,60,4,Bad,Self-Employed,Owned,Single,1
33,Male,High School,34546,47356,535,4661,60,7,Average,Self-Employed,Owned,Single,0
24,Male,Master,66814,4525,738,7956,60,9,Average,Unemployed,Owned,Single,1
50,Female,High School,55564,34897,579,42232,60,9,Bad,Employed,Mortgaged,Divorced,0
63,Male,High School,51403,46269,572,26532,36,6,Average,Employed,Owned,Divorced,0
54,Male,Master,99023,1013,527,21927,48,7,Good,Self-Employed,Mortgaged,Single,1
29,Female,Bachelor,104360,8406,819,9261,12,3,Bad,Unemployed,Rented,Married,1
38,Male,Bachelor,127018,39381,700,42461,60,3,Average,Self-Employed,Rented,Single,1
40,Male,Bachelor,107081,46896,594,18111,48,3,Good,Self-Employed,Mortgaged,Divorced,1
43,Female,Bachelor,85256,31979,716,5577,12,3,Bad,Self-Employed,Rented,Single,0
66,Male,Master,129865,9299,641,46681,12,9,Good,Self-Employed,Owned,Married,1
23,Male,Master,78859,16730,522,38178,24,5,Good,Unemployed,Owned,Married,0
22,Female,High School,125469,19216,622,33740,24,1,Good,Self-Employed,Mortgaged,Married,1
19,Female,PhD,82112,23734,821,27777,24,9,Bad,Employed,Mortgaged,Married,0
69,Female,Master,57126,22225,637,24798,48,8,Good,Self-Employed,Owned,Single,1
65,Female,High School,72219,39671,591,8374,36,7,Average,Employed,Rented,Married,1
69,Male,High School,140327,30061,529,28293,24,6,Good,Unemployed,Owned,Married,1
19,Female,PhD,45362,20944,322,46634,48,8,Average,Self-Employed,Owned,Divorced,1
43,Male,Master,93361,10549,601,46977,36,4,Good,Self-Employed,Rented,Divorced,1
34,Male,High School,78796,29364,410,16352,60,3,Average,Self-Employed,Owned,Married,1
19,Male,Bachelor,20714,1992,425,3212,60,4,Good,Unemployed,Mortgaged,Single,1
68,Female,High School,122384,33368,674,6290,36,2,Good,Employed,Mortgaged,Single,1
62,Female,Bachelor,107327,49839,517,49755,60,3,Bad,Unemployed,Rented,Divorced,1
45,Male,PhD,131894,36742,384,45407,48,6,Average,Unemployed,Owned,Divorced,1
30,Male,Master,103176,41205,776,8219,48,5,Good,Unemployed,Owned,Divorced,1
49,Male,Master,29875,13218,689,29788,48,6,Good,Employed,Owned,Divorced,0
54,Female,PhD,51362,12701,765,27401,24,8,Average,Self-Employed,Owned,Single,1
21,Female,Master,57639,6694,436,1249,24,5,Good,Employed,Owned,Divorced,1
26,Female,Bachelor,62040,6642,574,21151,60,9,Bad,Employed,Mortgaged,Divorced,1
48,Male,Master,51070,39130,570,4681,36,1,Bad,Employed,Owned,Single,0
31,Male,Bachelor,116688,19378,826,19252,60,2,Good,Self-Employed,Rented,Married,1
44,Female,Master,121476,45056,662,27108,12,9,Bad,Self-Employed,Owned,Divorced,1
34,Male,High School,35473,16783,374,48178,12,7,Good,Unemployed,Owned,Divorced,0
28,Male,Master,135462,23025,692,31528,60,2,Bad,Self-Employed,Rented,Divorced,1
61,Female,PhD,61684,34202,777,37811,48,4,Average,Unemployed,Owned,Single,1
60,Male,High School,54969,30501,393,42631,24,6,Average,Employed,Rented,Divorced,1
64,Male,High School,133887,25714,773,38618,48,7,Average,Self-Employed,Rented,Married,0
28,Female,Master,147098,28742,622,26960,36,6,Bad,Unemployed,Rented,Single,0
42,Male,High School,24002,10875,500,29789,48,2,Average,Employed,Mortgaged,Divorced,1
60,Female,Bachelor,116791,5682,664,43028,24,2,Bad,Self-Employed,Mortgaged,Single,1
53,Male,Master,130694,2468,406,33599,24,4,Good,Self-Employed,Rented,Married,0
44,Female,Bachelor,64480,24639,661,22829,60,7,Good,Employed,Owned,Married,1
59,Male,Bachelor,40639,17632,848,23255,24,7,Average,Unemployed,Owned,Single,0
55,Male,Master,130452,26524,606,22963,60,7,Bad,Self-Employed,Mortgaged,Married,1
65,Female,Bachelor,65513,43442,726,12440,60,3,Good,Unemployed,Owned,Married,1
18,Male,Bachelor,57569,30290,806,31471,36,8,Good,Self-Employed,Mortgaged,Married,1
62,Male,Master,97621,23013,368,9912,24,1,Good,Employed,Mortgaged,Single,0
54,Female,Master,43075,34754,818,22965,48,9,Good,Self-Employed,Mortgaged,Single,0
18,Female,Master,47475,48904,765,32007,48,4,Good,Unemployed,Owned,Divorced,1
54,Male,Master,58197,30097,836,39860,36,1,Bad,Employed,Owned,Divorced,1
69,Male,Master,40046,34764,593,11086,48,6,Bad,Self-Employed,Owned,Divorced,0
49,Male,PhD,28010,48209,461,44519,48,1,Good,Unemployed,Rented,Divorced,1
20,Female,Master,116612,45919,585,38367,24,7,Good,Self-Employed,Owned,Single,1
47,Female,PhD,33849,28764,301,24935,60,5,Average,Employed,Mortgaged,Single,1
60,Male,PhD,28868,19377,535,9831,24,8,Bad,Employed,Mortgaged,Divorced,0
54,Male,Master,101067,49806,509,31301,60,8,Good,Self-Employed,Rented,Single,1
34,Female,PhD,70123,19167,341,8624,60,6,Bad,Self-Employed,Mortgaged,Single,1
31,Female,Master,21071,46618,578,8092,24,7,Good,Unemployed,Owned,Married,0
23,Female,Bachelor,142311,14000,494,13218,60,6,Average,Employed,Owned,Married,1
42,Female,Bachelor,134779,33061,571,3427,48,6,Bad,Self-Employed,Owned,Single,1
66,Female,High School,130737,21722,530,8219,60,7,Good,Unemployed,Mortgaged,Single,0
39,Male,PhD,122546,17486,741,28219,48,5,Bad,Employed,Mortgaged,Single,1
45,Female,Master,33967,4883,757,29763,36,9,Average,Self-Employed,Rented,Divorced,1
34,Male,High School,104259,43956,551,35534,12,1,Good,Self-Employed,Mortgaged,Single,0
42,Female,High School,58636,35356,580,3399,12,1,Bad,Employed,Owned,Married,1
62,Female,PhD,98572,47335,418,46919,60,1,Good,Employed,Rented,Married,1
46,Male,PhD,121892,45666,317,7673,12,9,Average,Self-Employed,Rented,Single,1
38,Male,Master,132188,40789,337,2997,48,4,Good,Unemployed,Owned,Divorced,1
69,Female,Bachelor,54600,46229,686,33467,24,8,Average,Self-Employed,Mortgaged,Single,1
53,Male,Bachelor,31884,32316,376,18570,60,6,Good,Self-Employed,Mortgaged,Divorced,0
62,Female,Master,109359,38953,484,33243,48,6,Good,Unemployed,Mortgaged,Married,1
35,Male,High School,123244,32849,452,8924,48,4,Average,Unemployed,Mortgaged,Single,0
36,Female,High School,61284,6523,821,8502,36,9,Good,Unemployed,Owned,Married,1
19,Male,PhD,55159,14349,627,47031,60,5,Average,Unemployed,Mortgaged,Married,1
41,Male,Master,125406,13607,586,16906,60,3,Good,Unemployed,Mortgaged,Single,1
57,Female,PhD,63050,32833,537,6317,36,8,Bad,Unemployed,Rented,Single,0
20,Female,Master,50968,19070,521,33688,48,1,Average,Employed,Owned,Married,0
29,Male,PhD,121193,15256,713,36311,24,3,Good,Unemployed,Mortgaged,Divorced,1
50,Male,Master,22802,30984,406,15091,48,4,Good,Self-Employed,Owned,Married,0
54,Male,High School,105925,30361,709,43025,36,7,Bad,Employed,Mortgaged,Divorced,1
39,Male,High School,71356,43494,583,8303,12,7,Average,Employed,Owned,Married,0
24,Female,Bachelor,50183,11433,668,31203,60,2,Good,Employed,Rented,Married,0
32,Male,PhD,149949,33811,614,44464,24,8,Average,Unemployed,Owned,Single,1
25,Female,High School,78081,42462,664,36384,48,4,Good,Self-Employed,Rented,Single,1
29,Female,Master,144847,25480,454,24958,12,4,Good,Employed,Rented,Single,0
21,Female,Master,47618,8738,820,6162,24,1,Good,Self-Employed,Owned,Single,1
52,Male,PhD,104117,46764,469,16860,24,5,Good,Self-Employed,Owned,Divorced,0
30,Female,Master,24808,28885,840,5036,24,4,Good,Employed,Mortgaged,Single,1
69,Male,High School,145025,8396,740,2235,12,8,Average,Employed,Mortgaged,Single,1
41,Female,Bachelor,25699,1403,433,42873,48,1,Good,Self-Employed,Rented,Divorced,0
30,Male,PhD,145196,14084,788,7246,48,5,Bad,Employed,Rented,Married,1
68,Male,Bachelor,116559,14478,408,29026,24,7,Average,Employed,Rented,Divorced,1
52,Female,Master,114292,42842,498,21960,12,6,Good,Unemployed,Mortgaged,Married,1
56,Male,Bachelor,135283,31647,488,4621,24,2,Bad,Employed,Owned,Divorced,1
57,Female,Master,147610,30224,647,32705,24,8,Bad,Unemployed,Mortgaged,Single,0
45,Male,High School,56530,7078,614,1918,48,5,Bad,Employed,Rented,Divorced,1
64,Female,Bachelor,35379,28838,687,38016,24,6,Good,Self-Employed,Mortgaged,Single,1
18,Male,Bachelor,66314,47220,630,34858,60,2,Bad,Unemployed,Owned,Married,1
44,Male,Master,118867,31513,835,48147,48,8,Good,Self-Employed,Mortgaged,Married,0
25,Male,PhD,41319,40380,415,26434,60,5,Average,Self-Employed,Mortgaged,Divorced,0
65,Male,Bachelor,147685,18456,843,10511,24,1,Good,Unemployed,Rented,Married,0
28,Female,Master,81794,26820,587,1950,60,7,Bad,Self-Employed,Owned,Married,1
36,Male,Bachelor,73639,8986,409,18762,60,5,Good,Self-Employed,Rented,Married,0
18,Female,Bachelor,121974,8609,323,21662,60,7,Bad,Self-Employed,Rented,Married,0
57,Female,PhD,138372,25692,502,835,36,6,Average,Unemployed,Rented,Single,1
61,Female,High School,81876,40512,351,26197,24,4,Good,Self-Employed,Mortgaged,Single,1
37,Female,High School,67890,26339,366,39758,36,8,Bad,Unemployed,Rented,Married,1
34,Female,PhD,78153,3525,525,2940,12,1,Average,Employed,Rented,Married,0
38,Male,Master,109412,20932,318,6783,48,5,Bad,Unemployed,Mortgaged,Divorced,1
66,Male,PhD,103985,22690,539,26240,24,4,Bad,Unemployed,Mortgaged,Single,1
22,Female,Bachelor,42134,39071,838,43222,12,4,Good,Self-Employed,Mortgaged,Married,1
62,Female,Master,72762,40959,792,26235,24,6,Good,Unemployed,Rented,Divorced,1
25,Male,High School,27871,36830,672,21580,36,1,Good,Self-Employed,Rented,Married,1
31,Male,Bachelor,126062,16068,413,34858,24,8,Average,Employed,Owned,Divorced,1
57,Female,High School,89269,9421,329,42257,24,2,Good,Employed,Rented,Married,1
50,Female,High School,39884,6916,422,2742,48,7,Good,Unemployed,Rented,Divorced,1
51,Female,High School,127046,33986,782,45011,48,8,Average,Employed,Owned,Married,1
23,Female,Master,131358,23078,769,49516,36,8,Good,Unemployed,Rented,Single,0
34,Male,PhD,61474,48852,703,22093,36,2,Good,Employed,Mortgaged,Divorced,1
64,Male,Bachelor,62344,17304,561,23146,48,1,Bad,Unemployed,Mortgaged,Divorced,1
36,Male,PhD,37276,1207,749,33376,36,4,Average,Unemployed,Mortgaged,Divorced,0
35,Male,High School,137214,8114,480,2812,24,4,Bad,Unemployed,Rented,Single,0
44,Male,Master,92367,18204,344,30370,24,7,Good,Employed,Rented,Single,0
36,Female,PhD,122031,42353,494,41504,48,2,Average,Unemployed,Rented,Married,1
34,Female,Bachelor,119786,3215,407,16508,12,2,Average,Employed,Rented,Divorced,1
18,Male,Master,140155,17906,576,17001,24,8,Good,Employed,Owned,Divorced,1
52,Male,Bachelor,121366,5535,804,9582,24,4,Good,Employed,Owned,Divorced,1
27,Female,PhD,77203,10831,381,21106,48,2,Bad,Employed,Rented,Married,1
65,Male,Bachelor,33669,12058,701,33158,48,5,Bad,Self-Employed,Mortgaged,Single,1
47,Female,Master,31085,18982,845,36851,12,6,Average,Self-Employed,Mortgaged,Divorced,0
19,Male,PhD,68886,14276,602,39367,24,9,Bad,Employed,Rented,Single,0
40,Female,PhD,37668,41882,471,32136,36,9,Average,Employed,Rented,Divorced,0
40,Male,PhD,102680,11704,629,25003,24,3,Bad,Self-Employed,Mortgaged,Divorced,1
53,Male,PhD,92635,30924,408,18052,48,9,Average,Employed,Mortgaged,Married,1
40,Female,Bachelor,94398,45186,786,15918,24,2,Average,Unemployed,Mortgaged,Single,1
54,Male,PhD,78844,22486,300,35942,36,9,Good,Self-Employed,Rented,Single,0
59,Female,Master,95594,8087,347,22681,36,5,Bad,Self-Employed,Owned,Married,0
40,Male,Master,48917,27162,461,16176,12,2,Bad,Unemployed,Owned,Married,1
38,Male,Bachelor,117103,15094,666,31563,36,8,Bad,Self-Employed,Rented,Divorced,1
62,Male,High School,27046,44014,600,42131,24,9,Good,Employed,Owned,Divorced,1
51,Male,High School,80335,36477,645,8824,48,5,Good,Unemployed,Rented,Married,0
40,Female,Bachelor,25383,9067,833,17623,48,7,Average,Employed,Mortgaged,Married,1
49,Female,Bachelor,60755,17178,377,30084,60,7,Bad,Employed,Owned,Single,0
30,Male,PhD,52812,1750,493,6088,48,3,Bad,Employed,Mortgaged,Divorced,0
48,Male,Master,120887,26089,370,33448,12,4,Average,Self-Employed,Rented,Single,0
31,Female,Bachelor,86287,29398,602,42761,12,4,Average,Self-Employed,Mortgaged,Divorced,1
42,Male,Master,129113,41710,675,46974,36,6,Average,Employed,Mortgaged,Single,1
56,Male,Bachelor,106951,44152,474,13231,24,6,Bad,Unemployed,Owned,Single,1
23,Male,PhD,43765,39955,368,33348,24,5,Average,Unemployed,Rented,Married,1
47,Female,PhD,30071,23482,735,30459,24,1,Bad,Unemployed,Mortgaged,Married,1
37,Female,High School,77803,8617,705,45525,24,9,Good,Unemployed,Owned,Single,1
43,Female,Bachelor,107340,22203,628,25775,36,5,Average,Unemployed,Owned,Single,1
47,Male,Bachelor,80159,23458,321,29569,24,1,Good,Unemployed,Mortgaged,Single,0
23,Male,PhD,43426,25525,661,14016,36,3,Bad,Unemployed,Rented,Divorced,1
20,Male,Bachelor,24114,11261,685,30622,36,4,Average,Unemployed,Owned,Divorced,1
42,Female,Master,98743,16698,781,33798,36,9,Good,Unemployed,Owned,Single,1
67,Male,PhD,123486,20336,453,22163,36,7,Bad,Self-Employed,Rented,Married,1
32,Male,Bachelor,79336,16037,438,37208,36,8,Good,Unemployed,Rented,Divorced,1
23,Male,Bachelor,45380,44153,453,17267,36,7,Average,Unemployed,Owned,Married,1
69,Male,PhD,65995,14089,373,36532,48,1,Bad,Self-Employed,Mortgaged,Divorced,1
52,Male,High School,121109,30562,642,33304,60,3,Good,Unemployed,Mortgaged,Married,1
37,Male,Master,87066,30604,738,17758,48,7,Good,Self-Employed,Rented,Divorced,1
35,Female,Bachelor,24590,45471,306,30752,12,3,Bad,Employed,Mortgaged,Divorced,1
58,Male,Bachelor,147294,39859,349,26861,60,9,Good,Employed,Rented,Single,0
55,Female,High School,148177,39992,627,22804,48,9,Bad,Self-Employed,Mortgaged,Divorced,1
43,Male,High School,129242,31323,688,22488,12,8,Average,Unemployed,Owned,Married,0
61,Female,PhD,79214,36508,775,31916,24,7,Average,Employed,Mortgaged,Divorced,1
30,Male,Master,122146,10650,332,49116,24,1,Average,Self-Employed,Owned,Single,0
52,Male,Master,144460,11188,301,3199,48,5,Bad,Unemployed,Owned,Single,0
26,Female,Master,20656,33168,373,11404,36,1,Bad,Self-Employed,Rented,Married,0
39,Male,Master,136342,41423,704,17586,12,6,Good,Self-Employed,Mortgaged,Single,1
68,Male,Bachelor,98655,49233,686,35076,24,3,Good,Self-Employed,Owned,Single,1
29,Female,Master,44959,2809,570,35088,24,8,Average,Employed,Rented,Single,0
36,Male,Bachelor,56559,18947,765,7983,60,1,Bad,Employed,Rented,Divorced,1
28,Female,High School,21883,7242,755,13059,60,6,Bad,Employed,Mortgaged,Divorced,1
58,Female,High School,125380,23707,733,27409,36,4,Good,Self-Employed,Owned,Single,1
52,Male,Bachelor,105187,6730,672,15347,12,5,Average,Self-Employed,Rented,Single,1
39,Male,Bachelor,87333,46060,635,15884,12,8,Good,Unemployed,Rented,Married,1
24,Male,PhD,39268,2702,419,31612,36,2,Bad,Employed,Rented,Married,1
42,Female,Bachelor,127620,12274,626,29696,48,5,Average,Employed,Mortgaged,Single,1
42,Female,PhD,81913,24556,632,43733,24,8,Good,Self-Employed,Mortgaged,Single,0
29,Male,Bachelor,132259,14235,655,45045,12,4,Good,Self-Employed,Rented,Married,1
60,Male,Master,146251,12163,362,8151,60,6,Average,Employed,Owned,Married,1
65,Male,PhD,105349,33130,627,1994,12,7,Bad,Employed,Mortgaged,Single,1
20,Female,PhD,121994,43752,641,2317,24,6,Bad,Unemployed,Owned,Married,0
23,Female,Master,55228,18912,676,25626,12,1,Bad,Unemployed,Mortgaged,Single,0
25,Female,Master,140210,38582,418,33661,48,1,Average,Employed,Owned,Single,1
58,Male,Master,72915,21162,816,1742,12,6,Average,Self-Employed,Rented,Divorced,1
30,Male,Bachelor,24428,3987,545,10359,60,4,Good,Employed,Rented,Single,1
65,Male,Master,60068,30374,612,27488,36,7,Bad,Unemployed,Rented,Divorced,1
45,Female,Master,25877,1043,641,36828,60,7,Average,Unemployed,Rented,Married,1
18,Male,High School,55579,48303,618,37297,48,6,Good,Unemployed,Rented,Married,1
56,Male,PhD,107535,41629,587,49761,60,4,Good,Self-Employed,Mortgaged,Single,0
68,Female,Master,104509,22352,520,35268,60,2,Average,Employed,Mortgaged,Single,0
48,Male,Bachelor,111473,42397,760,4357,48,1,Good,Self-Employed,Owned,Married,1
27,Female,PhD,20485,48095,493,23396,36,6,Average,Unemployed,Owned,Single,1
48,Male,Bachelor,131716,17953,529,23876,36,9,Average,Unemployed,Owned,Divorced,1
27,Female,High School,54581,24889,319,24240,48,2,Bad,Unemployed,Mortgaged,Divorced,1
65,Male,Master,21195,19819,382,13066,60,2,Bad,Unemployed,Rented,Divorced,1
19,Male,PhD,32413,7002,395,6693,48,8,Average,Employed,Mortgaged,Single,0
45,Female,Master,97914,48881,385,25480,24,6,Average,Self-Employed,Rented,Divorced,1
62,Male,PhD,83742,33330,361,675,12,3,Average,Unemployed,Mortgaged,Married,0
48,Female,High School,39098,14407,345,12804,36,9,Good,Self-Employed,Rented,Married,1
59,Male,Master,32191,18066,720,16291,24,5,Bad,Self-Employed,Rented,Married,0
24,Male,Bachelor,96276,49691,423,33754,12,7,Average,Employed,Rented,Single,1
46,Female,Bachelor,138268,4034,467,44137,60,2,Average,Self-Employed,Rented,Single,0
18,Male,Master,67698,17729,795,47264,12,5,Bad,Self-Employed,Rented,Divorced,0
46,Male,High School,120156,10846,394,36376,12,2,Average,Self-Employed,Rented,Divorced,1
20,Male,PhD,62347,9272,510,12378,60,4,Average,Self-Employed,Owned,Married,1
27,Male,Master,93106,9524,817,46667,36,3,Average,Self-Employed,Rented,Divorced,1
50,Male,Master,80646,11411,667,25573,12,7,Good,Unemployed,Mortgaged,Married,0
47,Female,PhD,79931,36507,846,2444,60,2,Average,Unemployed,Rented,Married,0
19,Female,Master,41496,49326,448,9094,36,5,Bad,Self-Employed,Owned,Divorced,0
46,Male,Bachelor,72647,10357,603,42451,48,5,Average,Unemployed,Rented,Married,1
19,Male,Master,97338,3650,601,44700,36,7,Good,Employed,Owned,Married,1
24,Male,Master,88857,11208,639,24722,24,1,Good,Employed,Rented,Single,1
59,Male,High School,122839,15100,602,40922,60,4,Average,Employed,Mortgaged,Married,1
35,Male,High School,78005,42214,379,4545,60,3,Bad,Employed,Rented,Married,1
39,Female,PhD,148171,34339,592,1177,12,5,Good,Unemployed,Owned,Divorced,1
18,Male,PhD,134369,18036,742,28696,12,3,Bad,Self-Employed,Mortgaged,Divorced,1
21,Female,High School,134293,27866,817,35017,60,6,Good,Employed,Rented,Married,0
58,Female,Bachelor,95507,24086,585,12417,36,2,Average,Unemployed,Mortgaged,Single,1
57,Female,PhD,92884,28796,571,42852,48,4,Good,Unemployed,Mortgaged,Married,1
62,Female,Bachelor,21691,20984,744,36580,60,6,Good,Unemployed,Mortgaged,Divorced,1
38,Female,PhD,52229,29992,478,35132,12,6,Good,Self-Employed,Owned,Divorced,0
36,Female,Master,23909,46964,809,15496,36,7,Average,Unemployed,Mortgaged,Married,0
44,Male,Master,88574,13865,545,5936,36,5,Bad,Unemployed,Rented,Single,1
47,Female,High School,55160,14185,398,1469,60,2,Good,Unemployed,Owned,Married,1
28,Female,High School,129014,7197,370,9972,36,3,Good,Unemployed,Owned,Divorced,1
35,Male,Master,142959,38982,690,46851,60,9,Good,Employed,Owned,Married,0
35,Male,Bachelor,38570,49284,446,45225,12,8,Good,Unemployed,Mortgaged,Married,1
32,Male,Bachelor,66678,34532,376,49917,12,6,Average,Self-Employed,Rented,Single,0
54,Female,PhD,90034,37409,525,1375,24,3,Good,Self-Employed,Mortgaged,Married,1
18,Male,Master,35468,10179,374,47750,36,3,Average,Employed,Mortgaged,Divorced,1
49,Female,Bachelor,27506,7910,813,45237,60,8,Average,Unemployed,Mortgaged,Married,1
66,Female,Master,73591,21542,749,38389,48,9,Bad,Unemployed,Owned,Married,1
51,Female,High School,116726,11087,592,29270,60,6,Good,Employed,Rented,Single,1
52,Female,Bachelor,34652,43044,608,19736,12,2,Average,Self-Employed,Rented,Married,0
23,Male,Master,137379,27838,656,11932,36,4,Good,Employed,Rented,Divorced,1
41,Female,Bachelor,118602,25558,329,21032,24,7,Average,Self-Employed,Owned,Married,0
41,Male,Master,71880,21179,433,48111,24,5,Good,Employed,Mortgaged,Divorced,0
55,Male,Master,102373,39763,834,13633,24,6,Bad,Employed,Mortgaged,Single,1
30,Male,PhD,116455,27579,754,23323,60,2,Bad,Employed,Mortgaged,Married,0
24,Female,Bachelor,21907,27025,586,1837,12,6,Good,Self-Employed,Owned,Divorced,1
53,Female,PhD,102532,9200,671,3989,36,4,Average,Unemployed,Owned,Single,1
38,Female,Master,40994,16643,528,46398,60,3,Average,Employed,Mortgaged,Divorced,1
41,Female,High School,38435,49839,524,5643,48,3,Average,Unemployed,Mortgaged,Divorced,0
59,Male,Master,148594,41971,406,21511,12,7,Good,Employed,Mortgaged,Divorced,0
42,Female,High School,65676,14990,525,14151,24,9,Bad,Unemployed,Rented,Married,1
21,Female,High School,67833,3543,300,33609,12,7,Bad,Employed,Mortgaged,Single,0
55,Female,High School,23911,19262,832,39774,12,4,Bad,Employed,Rented,Married,1
53,Female,High School,33028,10906,500,35254,60,7,Good,Employed,Mortgaged,Married,1
58,Female,Bachelor,76511,11695,652,42064,48,4,Bad,Self-Employed,Owned,Divorced,1
42,Male,PhD,30623,32601,607,12056,36,8,Average,Employed,Rented,Divorced,1
61,Female,PhD,84546,38939,370,23628,36,3,Bad,Self-Employed,Owned,Divorced,1
42,Male,PhD,61579,39785,327,17850,12,7,Bad,Unemployed,Mortgaged,Divorced,1
56,Male,Bachelor,130382,47958,597,19110,36,8,Good,Unemployed,Owned,Single,1
57,Male,Bachelor,149385,45271,344,32732,24,1,Good,Self-Employed,Owned,Divorced,0
18,Female,PhD,94864,18218,832,26419,36,6,Bad,Self-Employed,Owned,Divorced,1
53,Female,High School,111862,25877,502,37960,24,3,Bad,Unemployed,Mortgaged,Married,0
25,Female,High School,80874,16980,793,24060,24,7,Bad,Self-Employed,Rented,Married,1
62,Male,Master,71151,22938,824,15818,24,2,Bad,Employed,Rented,Married,1
63,Female,High School,70324,18388,391,31636,60,6,Average,Self-Employed,Rented,Divorced,1
58,Male,Master,118782,18191,605,3259,60,4,Bad,Employed,Owned,Divorced,1
56,Female,Bachelor,41128,16058,593,33655,24,6,Good,Unemployed,Owned,Single,1
24,Male,High School,39481,47389,342,17659,60,8,Good,Employed,Rented,Single,1
68,Male,Master,102613,1352,760,37978,60,7,Good,Self-Employed,Rented,Single,1
62,Male,PhD,73520,39355,371,3357,48,9,Bad,Self-Employed,Mortgaged,Married,0
29,Male,Master,34929,5514,437,9340,24,9,Good,Unemployed,Mortgaged,Married,1
25,Female,Master,96086,24084,770,42962,12,6,Bad,Unemployed,Rented,Divorced,1
46,Female,High School,22607,40603,598,33070,12,1,Bad,Self-Employed,Rented,Married,1
29,Male,PhD,38167,46543,457,5482,48,8,Good,Employed,Owned,Single,0
35,Male,High School,82099,8940,414,40037,24,8,Good,Unemployed,Mortgaged,Married,0
69,Male,High School,142863,45830,683,29708,36,3,Good,Self-Employed,Rented,Married,1
43,Male,Master,82301,34923,521,46371,12,7,Average,Employed,Owned,Divorced,1
47,Male,Bachelor,88802,38491,615,24293,48,7,Bad,Employed,Rented,Married,1
25,Male,High School,59757,36587,583,39781,36,1,Good,Employed,Mortgaged,Married,1
20,Female,High School,138045,46109,688,38350,48,6,Bad,Unemployed,Rented,Divorced,1
23,Male,Master,102844,44069,840,41859,36,2,Average,Unemployed,Mortgaged,Divorced,1
50,Female,Bachelor,64335,41221,509,37538,12,4,Bad,Employed,Rented,Divorced,1
20,Female,Bachelor,105330,8685,504,34416,48,8,Average,Self-Employed,Rented,Married,1
51,Male,High School,121072,30093,711,4293,12,2,Good,Self-Employed,Mortgaged,Single,0
69,Female,Bachelor,28527,6471,496,3512,60,1,Good,Employed,Rented,Divorced,1
28,Female,Bachelor,110607,7045,772,24051,48,4,Average,Self-Employed,Rented,Single,0
28,Male,High School,77824,12390,390,42953,36,4,Good,Unemployed,Owned,Single,0
45,Male,PhD,96345,42658,396,29287,60,8,Good,Unemployed,Mortgaged,Single,1
38,Male,Bachelor,91096,40172,423,19370,24,2,Average,Employed,Mortgaged,Married,0
60,Male,PhD,37265,44422,738,33281,24,5,Average,Unemployed,Mortgaged,Single,1
62,Female,High School,116856,27939,453,45804,60,3,Bad,Employed,Mortgaged,Married,1
37,Male,PhD,149629,8375,825,23726,24,9,Good,Unemployed,Mortgaged,Divorced,1
29,Female,Master,88500,8721,807,34495,36,9,Bad,Employed,Mortgaged,Divorced,1
64,Female,Bachelor,84751,43108,484,40287,48,6,Bad,Employed,Owned,Divorced,1
66,Male,PhD,69454,20426,565,41715,24,4,Bad,Unemployed,Mortgaged,Married,1
34,Female,Bachelor,122376,44704,463,12075,24,1,Average,Employed,Owned,Divorced,1
58,Female,Bachelor,124726,4113,592,30507,60,3,Good,Self-Employed,Owned,Single,1
60,Male,PhD,118569,7815,450,18239,60,6,Bad,Employed,Owned,Divorced,1
59,Male,Master,25021,16522,438,47937,12,5,Good,Employed,Mortgaged,Divorced,1
26,Male,PhD,71046,43376,361,13683,12,1,Good,Self-Employed,Rented,Divorced,1
44,Female,PhD,124560,49514,604,9236,60,2,Bad,Employed,Mortgaged,Single,0
52,Male,PhD,121884,48452,431,27076,36,4,Good,Unemployed,Owned,Divorced,1
24,Male,High School,32921,39771,411,32499,60,5,Average,Self-Employed,Owned,Married,1
54,Male,Bachelor,142370,29152,412,34592,36,5,Good,Self-Employed,Rented,Single,1
31,Female,Master,43968,35783,440,41085,60,7,Average,Employed,Owned,Single,0
33,Male,Bachelor,34410,7867,444,34728,36,7,Bad,Self-Employed,Rented,Married,1
65,Female,Bachelor,91762,18107,816,7606,12,9,Bad,Unemployed,Rented,Single,0
18,Male,Bachelor,82108,27071,320,2291,36,1,Average,Unemployed,Mortgaged,Single,1
67,Male,Master,101746,25509,365,15070,60,4,Average,Employed,Mortgaged,Divorced,1
26,Male,High School,131719,46420,534,39009,12,7,Good,Unemployed,Owned,Divorced,1
46,Male,Master,91466,30695,731,31819,60,4,Average,Unemployed,Owned,Single,0
57,Female,High School,129889,10304,645,7094,12,9,Bad,Employed,Owned,Divorced,1
42,Female,PhD,148341,18722,688,22560,24,1,Average,Employed,Rented,Divorced,1
38,Male,High School,146375,46174,769,35605,48,1,Good,Employed,Mortgaged,Single,0
23,Male,Master,101141,36074,449,17564,36,9,Average,Unemployed,Owned,Single,1
58,Female,Bachelor,82396,11258,305,39084,36,3,Average,Employed,Owned,Divorced,1
44,Male,Bachelor,37206,5570,727,35528,12,1,Bad,Employed,Mortgaged,Single,0
29,Male,Master,134889,37273,439,11111,60,2,Bad,Self-Employed,Mortgaged,Single,0
41,Male,High School,54844,48208,439,42759,12,7,Bad,Unemployed,Mortgaged,Married,1
63,Male,Master,72451,34416,699,39280,24,1,Bad,Employed,Owned,Divorced,0
42,Male,Master,129538,33152,755,15812,36,9,Good,Unemployed,Mortgaged,Married,0
40,Female,High School,51051,27157,467,14012,24,7,Good,Employed,Mortgaged,Married,1
18,Male,High School,86436,2259,764,10188,48,2,Bad,Unemployed,Rented,Single,1
35,Female,High School,36551,18139,463,20953,12,4,Good,Self-Employed,Rented,Married,1
24,Female,High School,121337,29652,604,7611,60,8,Bad,Unemployed,Mortgaged,Single,1
25,Female,Bachelor,125808,29365,507,32924,48,9,Good,Unemployed,Rented,Single,1
62,Male,High School,31106,21134,532,29008,48,9,Good,Employed,Owned,Married,1
50,Male,PhD,23769,49048,467,3999,24,9,Good,Employed,Mortgaged,Divorced,1
42,Female,High School,99720,25193,309,41959,12,8,Bad,Unemployed,Owned,Married,1
58,Male,Master,145590,39316,795,35177,12,3,Good,Self-Employed,Mortgaged,Married,0
27,Male,Bachelor,22847,31619,379,12916,48,9,Bad,Unemployed,Rented,Married,0
49,Female,PhD,136952,28018,793,11799,60,4,Good,Self-Employed,Mortgaged,Divorced,0
28,Male,High School,91091,20052,658,6350,12,1,Bad,Self-Employed,Owned,Married,1
29,Female,Master,123024,34238,646,24815,60,5,Good,Employed,Rented,Single,1
25,Male,PhD,122304,28508,476,3654,24,9,Bad,Employed,Owned,Divorced,1
52,Male,Bachelor,103956,3439,778,9363,36,3,Bad,Self-Employed,Mortgaged,Single,1
64,Female,Master,102959,37577,695,9668,48,8,Average,Unemployed,Owned,Divorced,1
67,Male,Bachelor,62852,17855,318,38275,24,1,Average,Unemployed,Owned,Divorced,0
63,Female,High School,149335,28156,398,39969,60,2,Bad,Self-Employed,Mortgaged,Married,1
52,Female,Bachelor,27736,17492,668,36788,24,5,Average,Unemployed,Rented,Married,1
32,Male,Master,145278,41104,818,7014,60,3,Average,Employed,Owned,Single,1
21,Male,PhD,81441,12444,591,34057,24,2,Bad,Self-Employed,Owned,Single,0
25,Female,PhD,118573,31245,454,38051,60,6,Good,Employed,Rented,Divorced,0
64,Male,Bachelor,58779,6760,672,35256,60,4,Average,Self-Employed,Mortgaged,Single,1
50,Female,PhD,146845,1910,606,5347,12,2,Good,Unemployed,Owned,Single,1
34,Male,PhD,89767,13045,429,32078,36,2,Average,Unemployed,Owned,Single,0
68,Male,Master,94268,46736,478,33927,36,7,Average,Employed,Owned,Divorced,1
52,Female,Bachelor,99722,48516,571,6162,12,5,Good,Self-Employed,Owned,Married,1
51,Male,High School,53797,15542,622,44309,60,9,Average,Self-Employed,Owned,Single,0
67,Female,Bachelor,47087,36212,316,8393,48,8,Bad,Employed,Owned,Married,0
63,Male,PhD,141513,45360,612,20404,48,9,Good,Unemployed,Rented,Single,1
55,Female,Bachelor,133309,42355,329,41475,12,8,Good,Employed,Rented,Single,0
54,Male,Master,68519,9920,685,49438,48,6,Good,Unemployed,Rented,Divorced,1
55,Female,Master,124545,21526,735,46443,12,2,Average,Unemployed,Mortgaged,Married,1
62,Female,Bachelor,100373,22902,389,30748,48,5,Bad,Self-Employed,Owned,Single,1
52,Male,PhD,115502,36151,580,3444,24,9,Average,Unemployed,Rented,Single,1
25,Female,PhD,94376,19879,480,11404,36,8,Good,Employed,Mortgaged,Single,1
42,Female,Bachelor,72736,42303,536,40161,24,4,Bad,Employed,Rented,Divorced,0
29,Male,High School,65379,20453,460,27354,48,8,Good,Employed,Owned,Single,1
24,Male,High School,113055,14985,334,17343,24,9,Average,Unemployed,Rented,Married,1
20,Female,Bachelor,110435,46570,682,30123,36,7,Average,Unemployed,Owned,Single,1
35,Female,PhD,87229,49263,451,40889,12,3,Bad,Employed,Mortgaged,Divorced,1
30,Female,High School,58159,25449,681,8768,48,5,Average,Unemployed,Mortgaged,Single,0
52,Male,High School,26768,43579,360,28565,48,7,Good,Employed,Mortgaged,Married,1
66,Female,High School,77852,48855,400,3330,60,6,Average,Employed,Owned,Single,0
50,Female,Master,146536,14457,673,29322,60,1,Average,Self-Employed,Rented,Divorced,1
69,Male,Master,124931,16771,362,16838,12,3,Average,Self-Employed,Rented,Divorced,1
45,Female,High School,100983,43543,588,39635,24,2,Good,Employed,Owned,Divorced,1
30,Female,Bachelor,149133,40019,337,49988,24,2,Bad,Self-Employed,Owned,Divorced,0
43,Female,Bachelor,45545,11998,736,4758,24,6,Average,Employed,Mortgaged,Married,1
50,Female,Master,53430,17941,311,44638,12,1,Good,Unemployed,Mortgaged,Single,1
69,Female,Master,69273,16178,377,40169,60,5,Average,Unemployed,Rented,Single,0
39,Female,Bachelor,33554,21184,746,40289,48,6,Average,Employed,Rented,Divorced,1
53,Female,Bachelor,33261,1298,675,810,36,8,Good,Unemployed,Owned,Single,1
23,Male,PhD,126928,15464,740,48291,24,5,Good,Unemployed,Rented,Divorced,1
59,Female,PhD,149286,11712,643,31273,48,2,Average,Self-Employed,Mortgaged,Single,0
53,Male,High School,40449,6156,752,47247,24,8,Good,Self-Employed,Mortgaged,Married,0
22,Male,High School,32491,20628,364,29228,60,3,Good,Self-Employed,Mortgaged,Divorced,1
20,Female,High School,91273,27542,357,34801,36,9,Bad,Unemployed,Rented,Single,1
25,Female,Bachelor,80245,16903,657,36927,60,9,Good,Self-Employed,Mortgaged,Married,1
32,Male,PhD,110918,24622,380,17278,12,4,Bad,Employed,Mortgaged,Married,1
27,Male,Master,91726,28501,572,14049,36,2,Average,Employed,Owned,Divorced,0
39,Female,High School,123281,45396,798,19942,24,6,Average,Self-Employed,Rented,Single,0
67,Female,Master,112955,37163,719,34904,12,9,Average,Self-Employed,Rented,Married,1
54,Male,High School,117207,16892,380,40383,24,4,Average,Unemployed,Mortgaged,Single,1
52,Male,High School,71697,18390,355,38440,36,4,Average,Self-Employed,Rented,Married,0
18,Female,Master,113946,43207,658,19078,12,9,Bad,Unemployed,Rented,Divorced,0
42,Female,Bachelor,42584,16778,570,4109,24,7,Average,Employed,Owned,Divorced,1
60,Male,Master,133089,37491,625,10847,24,2,Average,Unemployed,Owned,Divorced,1
18,Male,PhD,105847,23394,375,29026,36,3,Average,Unemployed,Rented,Divorced,0
33,Female,High School,106281,16529,578,45675,12,9,Average,Employed,Owned,Single,1
66,Female,Master,144902,25235,685,19663,12,5,Good,Employed,Rented,Married,0
50,Female,Bachelor,96029,48917,622,49882,24,5,Average,Self-Employed,Mortgaged,Divorced,1
59,Female,Master,139937,6174,305,4670,24,2,Good,Self-Employed,Owned,Married,1
34,Male,Master,105647,12840,403,15416,60,9,Bad,Unemployed,Mortgaged,Divorced,1
67,Female,High School,118574,21604,328,16158,60,2,Bad,Unemployed,Owned,Single,1
39,Male,Bachelor,102138,43941,385,582,24,7,Bad,Unemployed,Rented,Single,1
33,Male,High School,26410,7596,314,36429,60,4,Average,Employed,Rented,Divorced,1
19,Male,PhD,67084,38494,643,7559,48,6,Bad,Employed,Mortgaged,Married,1
22,Male,PhD,83304,19916,528,37464,48,8,Bad,Unemployed,Rented,Single,1
45,Female,PhD,108333,9165,836,46958,12,5,Good,Unemployed,Mortgaged,Single,1
22,Female,PhD,122458,21823,434,4716,60,1,Good,Self-Employed,Rented,Married,1
33,Female,PhD,48831,11489,680,1794,60,3,Good,Self-Employed,Mortgaged,Divorced,0
57,Male,PhD,34665,16920,684,37972,36,8,Average,Self-Employed,Owned,Married,0
42,Male,Bachelor,47182,3297,841,49080,36,3,Bad,Employed,Owned,Divorced,1
37,Male,Bachelor,74740,21069,608,2633,36,3,Bad,Unemployed,Owned,Divorced,1
59,Female,PhD,71970,23851,588,40612,12,6,Good,Employed,Mortgaged,Divorced,0
39,Female,PhD,89051,7035,338,31624,60,9,Average,Self-Employed,Rented,Single,1
38,Male,Bachelor,123022,27362,535,31288,12,6,Average,Employed,Rented,Married,1
45,Female,High School,37988,8151,590,29063,60,6,Good,Self-Employed,Rented,Single,1
29,Female,High School,111396,43073,514,42799,48,2,Average,Employed,Mortgaged,Married,0
58,Male,Bachelor,96724,10211,450,31410,48,2,Bad,Self-Employed,Owned,Divorced,1
69,Female,Master,41215,15298,444,41915,24,7,Good,Self-Employed,Mortgaged,Divorced,0
46,Male,PhD,30030,32745,599,41833,60,4,Average,Employed,Rented,Married,1
27,Female,PhD,115323,33224,784,12943,60,8,Good,Self-Employed,Rented,Single,1
23,Male,Bachelor,108708,39974,624,38851,36,7,Good,Unemployed,Mortgaged,Single,1
64,Male,High School,70727,35651,635,11049,60,8,Bad,Self-Employed,Mortgaged,Married,1
61,Male,Master,72934,45638,735,24514,60,3,Average,Unemployed,Rented,Married,0
43,Male,High School,144624,32093,575,37814,24,7,Bad,Unemployed,Owned,Single,0
53,Female,PhD,149746,18175,670,23343,36,2,Good,Employed,Mortgaged,Married,0
57,Male,High School,24840,28788,412,40736,36,7,Bad,Self-Employed,Rented,Divorced,1
34,Male,PhD,77392,25335,405,19519,24,3,Average,Self-Employed,Rented,Married,1
56,Male,Master,97925,8868,311,49012,48,3,Bad,Self-Employed,Rented,Married,0
47,Female,Bachelor,41198,6611,389,3419,24,5,Good,Self-Employed,Mortgaged,Divorced,1
